DATE;IBOV;DY_IBOV;SELIC
42156;53031,32;4.30;13.15
42157;54236,43;4.17;13.15
42158;53522,91;4.21;13.15
42160;52973,38;4.26;13.65
42163;52809,64;4.26;13.65
42164;52815,99;4.27;13.65
42165;53876,45;4.18;13.65
42166;53688,52;4.23;13.65
42167;53347,53;4.22;13.65
42170;53137,53;4.24;13.65
42171;53702,15;4.19;13.65
42172;53248,54;4.27;13.65
42173;54238,59;4.16;13.65
42174;53749,41;4.24;13.65
42177;53863,68;4.24;13.65
42178;53772,43;4.25;13.65
42179;53842,54;4.24;13.65
42180;53175,67;4.29;13.65
42181;54016,97;4.22;13.65
42184;53014,21;4.31;13.65
42185;53080,88;4.32;13.65
42186;52757,54;4.35;13.65
42187;53106,19;4.33;13.65
42188;52519,41;0.44;13.65
42191;52149,37;4.41;13.65
42192;52343,71;4.39;13.65
42193;51781,75;4.44;13.65
42195;52590,72;4.37;13.65
42198;53119,47;4.34;13.65
42199;53239,18;4.33;13.65
42200;52902,28;4.36;13.65
42201;53069,75;0.44;13.65
42202;52341,8;4.41;13.65
42205;51600,08;4.48;13.65
42206;51474,28;4.49;13.65
42207;50915,79;4.49;13.65
42208;49806,63;4.63;13.65
42209;49245,85;4.68;13.65
42212;48735,54;4.74;13.65
42213;49601,6;4.66;13.65
42214;50245,14;4.61;13.65
42215;49897,4;4.71;14.15
42216;50864,77;4.62;14.15
42219;50138,05;0.47;14.15
42220;50058,49;4.71;14.15
42221;50287,27;4.67;14.15
42222;50011,32;4.69;14.15
42223;48577,32;4.80;14.15
42226;49353;4.75;14.15
42227;49072,34;4.77;14.15
42228;48388,05;4.83;14.15
42229;48009,57;4.88;14.15
42230;47508,41;4.98;14.15
42233;47217,43;5.02;14.15
42234;47450,58;5.00;14.15
42235;46588,39;5.11;14.15
42236;46649,23;5.10;14.15
42237;45719,64;5.20;14.15
42240;44336,47;5.36;14.15
42241;44544,86;5.34;14.15
42242;46038,08;5.16;14.15
42243;47715,27;4.97;14.15
42244;47153,87;5.03;14.15
42247;46625,52;5.10;14.15
42248;45477,06;5.24;14.15
42249;46463,96;5.05;14.15
42250;47365,87;4.94;14.15
42251;46497,72;5.04;14.15
42255;46762,07;5.17;14.15
42256;46657,1;5.19;14.15
42257;46503,99;0.52;14.15
42258;46400,5;5.24;14.15
42261;47281,52;5.12;14.15
42262;47364,07;5.11;14.15
42263;48553,1;4.98;14.15
42264;48551,08;4.97;14.15
42265;47264,08;5.11;14.15
42268;46590,2;5.18;14.15
42269;46264,61;5.24;14.15
42270;45340,11;5.35;14.15
42271;45291,96;5.35;14.15
42272;44831,46;5.43;14.15
42275;43956,63;5.53;14.15
42276;44131,82;5.50;14.15
42277;45059,34;5.50;14.15
42278;45313,27;5.47;14.15
42279;47033,46;5.26;14.15
42282;47598,07;5.20;14.15
42283;47735,11;5.17;14.15
42284;48914,32;5.04;14.15
42285;49106,56;4.96;14.15
42286;49338,41;#VALUE!;14.15
42290;47362,64;5.18;14.15
42291;46710,44;5.25;14.15
42292;47161,15;5.24;14.15
42293;47236,11;0.53;14.15
42296;47447,31;5.25;14.15
42297;47076,55;5.33;14.15
42298;47025,87;5.34;14.15
42299;47772,14;5.26;14.15
42300;47596,59;5.25;14.15
42303;47209,32;5.29;14.15
42304;47042,95;5.30;14.15
42305;46740,85;5.34;14.15
42306;45628,35;5.47;14.15
42307;45868,82;5.44;14.15
42311;48053,67;5.19;14.15
42312;47710,1;5.24;14.15
42313;48046,76;0.52;14.15
42314;46918,52;5.29;14.15
42317;46194,92;5.39;14.15
42318;46206,57;5.39;14.15
42319;47065,01;5.31;14.15
42320;46883,58;5.33;14.15
42321;46517,04;5.29;14.15
42324;46846,88;5.23;14.15
42325;47247,8;5.20;14.15
42326;47435,58;5.17;14.15
42327;48138,89;5.10;14.15
42331;48150,27;4.98;14.15
42332;48284,19;4.95;14.15
42333;46866,63;5.11;14.15
42334;47145,63;5.08;14.15
42335;45872,91;5.23;14.15
42338;45120,36;5.30;14.15
42339;45046,75;5.33;14.15
42340;44914,53;5.35;14.15
42341;46393,26;5.20;14.15
42342;45360,76;5.32;14.15
42345;45222,7;5.32;14.15
42346;44443,26;0.54;14.15
42347;46108,03;5.21;14.15
42348;45630,71;0.53;14.15
42349;45262,72;5.32;14.15
42352;44747,31;5.39;14.15
42353;44872,47;5.38;14.15
42354;45015,84;5.33;14.15
42355;45261,48;0.53;14.15
42356;43910,6;5.51;14.15
42359;43199,95;5.61;14.15
42360;43469,52;5.58;14.15
42361;44014,93;5.51;14.15
42366;43764,34;5.54;14.15
42367;43653,97;0.56;14.15
42368;43349,96;5.59;14.15
42373;42141,04;5.68;14.15
42374;42419,32;5.64;14.15
42375;41773,14;5.73;14.15
42376;40694,72;5.90;14.15
42377;40612,21;5.92;14.15
42380;39950,49;6.02;14.15
42381;39513,83;6.09;14.15
42382;38944,44;6.21;14.15
42383;39500,11;6.09;14.15
42384;38569,13;6.24;14.15
42387;37937,27;6.42;14.15
42388;38057,02;6.41;14.15
42389;37645,48;6.49;14.15
42390;37717,11;6.47;14.15
42391;38031,22;6.43;14.15
42395;37497,48;6.53;14.15
42396;38376,37;6.38;14.15
42397;38630,19;6.34;14.15
42398;40405,99;6.06;14.15
42401;40570,04;6.01;14.15
42402;38596,17;6.27;14.15
42403;39588,82;6.10;14.15
42404;40821,73;5.92;14.15
42405;40592,09;5.95;14.15
42410;40376,58;5.99;14.15
42411;39318,3;6.15;14.15
42412;39808,05;6.08;14.15
42415;40092,89;6.03;14.15
42416;40947,7;5.90;14.15
42417;41630,82;5.80;14.15
42418;41477,63;5.52;14.15
42419;41543,41;5.45;14.15
42422;43234,86;5.23;14.15
42423;42520,94;5.32;14.15
42424;42084,56;5.39;14.15
42425;41887,9;5.12;14.15
42426;41593,08;5.16;14.15
42429;42793,86;5.00;14.15
42430;44121,79;4.85;14.15
42431;44893,48;4.74;14.15
42432;47193,39;4.37;14.15
42433;49084,87;4.20;14.15
42436;49246,1;4.19;14.15
42437;49102,14;4.20;14.15
42438;48665,09;0.42;14.15
42439;49571,11;4.12;14.15
42440;49638,68;4.18;14.15
42443;48867,34;4.20;14.15
42444;47130,02;4.37;14.15
42445;47763,43;4.31;14.15
42446;50913,79;4.03;14.15
42447;50814,66;4.05;14.15
42450;51171,55;4.02;14.15
42451;51010,2;4.01;14.15
42452;49690,05;4.12;14.15
42453;49657,39;4.13;14.15
42457;50838,23;0.40;14.15
42458;51154,99;3.98;14.15
42459;51248,93;3.97;14.15
42460;50055,27;4.05;14.15
42461;50561,53;4.01;14.15
42464;48779,98;4.16;14.15
42465;49053,62;4.12;14.15
42466;48096,24;4.20;14.15
42467;48513,1;4.12;14.15
42468;50292,93;3.96;14.15
42471;50165,47;3.97;14.15
42472;52001,86;3.83;14.15
42473;53149,84;3.75;14.15
42474;52411,02;3.84;14.15
42475;53227,74;3.78;14.15
42478;52894,08;3.82;14.15
42479;53710,05;3.75;14.15
42480;53630,93;3.76;14.15
42482;52907,88;3.82;14.15
42485;51861,71;3.88;14.15
42486;53082,5;0.38;14.15
42487;54477,78;3.68;14.15
42488;54311,96;3.68;14.15
42489;53910,51;3.71;14.15
42492;53561,54;3.74;14.15
42493;52260,19;0.39;14.15
42494;52552,8;3.88;14.15
42495;51671,04;3.92;14.15
42496;51717,82;3.90;14.15
42499;50990,07;3.95;14.15
42500;53070,91;3.80;14.15
42501;52764,46;3.81;14.15
42502;53241,32;#VALUE!;14.15
42503;51804,31;3.84;14.15
42506;51802,92;3.80;14.15
42507;50839,45;3.87;14.15
42508;50561,7;3.89;14.15
42509;50132,53;0.39;14.15
42510;49722,75;3.96;14.15
42513;49330,42;4.04;14.15
42514;49345,19;4.04;14.15
42515;49482,86;4.00;14.15
42517;49051,49;4.04;14.15
42520;48964,34;4.04;14.15
42521;48471,71;4.09;14.15
42522;49012,65;4.07;14.15
42523;49887,24;4.00;14.15
42524;50619,5;3.94;14.15
42527;50431,8;3.95;14.15
42528;50487,86;3.95;14.15
42529;51629,29;0.39;14.15
42530;51118,46;3.90;14.15
42531;49422,16;4.04;14.15
42534;49660,79;4.03;14.15
42535;48648,29;4.12;14.15
42536;48914,74;4.09;14.15
42537;49411,62;4.05;14.15
42538;49533,84;4.05;14.15
42541;50329,36;3.97;14.15
42542;50837,8;3.93;14.15
42543;50156,3;3.98;14.15
42544;51559,82;3.87;14.15
42545;50105,26;3.99;14.15
42548;49245,53;0.40;14.15
42549;50006,56;3.98;14.15
42550;51001,91;3.91;14.15
42551;51526,93;3.87;14.15
42552;52233,04;3.81;14.15
42555;52568,66;3.79;14.15
42556;51842,27;3.80;14.15
42557;51901,81;0.38;14.15
42558;52014,66;3.58;14.15
42559;53140,74;3.47;14.15
42562;53960,11;3.39;14.15
42563;54256,41;3.37;14.15
42564;54598,29;0.34;14.15
42565;55480,87;0.33;14.15
42566;55578,24;3.30;14.15
42569;56484,21;3.29;14.15
42570;56698,06;3.29;14.15
42571;56578,05;3.24;14.15
42572;56641,49;#VALUE!;14.15
42573;57002,08;3.23;14.15
42576;56872,73;3.22;14.15
42577;56782,75;3.22;14.15
42578;56852,84;3.21;14.15
42579;56667,12;3.23;14.15
42580;57308,21;3.19;14.15
42583;56755,76;3.08;14.15
42584;56162,38;3.08;14.15
42585;57076,91;3.03;14.15
42586;57593,89;3.01;14.15
42587;57661,14;3.00;14.15
42590;57635,43;3.01;14.15
42591;57689,41;3.01;14.15
42592;56919,78;3.05;14.15
42593;58299,57;2.98;14.15
42594;58298,41;2.95;14.15
42597;59145,98;2.93;14.15
42598;58855,43;2.94;14.15
42599;59323,83;2.93;14.15
42600;59166,02;2.94;14.15
42601;59098,92;2.94;14.15
42604;57781,24;0.30;14.15
42605;58020,04;3.00;14.15
42606;57717,88;3.02;14.15
42607;57722,14;3.02;14.15
42608;57716,25;3.01;14.15
42611;58610,39;2.97;14.15
42612;58575,42;2.97;14.15
42613;57901,11;3.01;14.15
42614;58236,27;3.00;14.15
42615;59616,4;2.93;14.15
42618;59566,34;2.94;14.15
42619;60129,44;2.89;14.15
42621;60231,66;2.88;14.15
42622;57999,73;0.30;14.15
42625;58586,11;2.93;14.15
42626;56820,77;3.02;14.15
42627;57059,46;3.01;14.15
42628;57909,49;2.91;14.15
42629;57079,76;2.96;14.15
42632;57350,38;2.95;14.15
42633;57736,46;2.93;14.15
42634;58393,92;2.90;14.15
42635;58994,17;2.87;14.15
42636;58697;2.89;14.15
42639;58053,53;2.92;14.15
42640;58382,49;2.89;14.15
42641;59355,77;2.84;14.15
42642;58350,57;2.89;14.15
42643;58367,05;2.88;14.15
42646;59461,23;2.83;14.15
42647;59339,23;0.28;14.15
42648;60254,34;0.28;14.15
42649;60644,24;2.79;14.15
42650;61108,98;2.77;14.15
42653;61668,33;2.74;14.15
42654;61021,85;2.77;14.15
42656;61118,58;2.81;14.15
42657;61767,22;2.76;14.15
42660;62696,11;2.78;14.15
42661;63782,21;2.74;14.15
42662;63505,61;2.75;14.15
42663;63837,85;0.27;13.9
42664;64108,08;2.72;13.9
42667;64059,89;2.66;13.9
42668;63866,2;2.67;13.9
42669;63825,69;2.68;13.9
42670;64249,5;2.67;13.9
42671;64307,63;2.66;13.9
42674;64924,52;2.65;13.9
42675;63326,42;2.72;13.9
42677;61750,17;2.75;13.9
42678;61598,39;2.77;13.9
42681;64051,65;2.67;13.9
42682;64157,68;0.26;13.9
42683;63258,27;2.67;13.9
42684;61200,96;0.28;13.9
42685;59183,51;2.86;13.9
42688;59657,46;2.75;13.9
42690;60759,32;2.70;13.9
42691;59770,47;2.74;13.9
42692;59961,76;2.71;13.9
42695;61070,27;2.68;13.9
42696;61954,47;2.67;13.9
42697;61985,91;2.65;13.9
42698;61395,53;0.27;13.9
42699;61559,08;2.68;13.9
42702;62855,5;2.60;13.9
42703;60986,52;2.69;13.9
42704;61906,36;2.65;13.9
42705;59506,54;2.75;13.65
42706;60316,13;2.71;13.65
42709;59831,73;2.72;13.65
42710;61088,25;2.67;13.65
42711;61414,4;2.66;13.65
42712;60676,57;2.69;13.65
42713;60500,62;2.70;13.65
42716;59178,62;2.76;13.65
42717;59280,57;2.74;13.65
42718;58212,12;2.80;13.65
42719;58396,16;2.79;13.65
42720;58389,04;2.80;13.65
42723;57111;2.89;13.65
42724;57582,89;2.85;13.65
42725;57646,52;2.85;13.65
42726;57255,22;2.87;13.65
42727;57937,11;2.84;13.65
42730;58620,26;2.79;13.65
42731;58696,69;2.79;13.65
42732;59781,63;2.74;13.65
42733;60227,28;2.72;13.65
42737;59588,7;2.76;13.65
42738;61813,83;2.68;13.65
42739;61589,06;2.69;13.65
42740;62070,98;2.67;13.65
42741;61665,37;2.69;13.65
42744;61700,29;2.69;13.65
42745;62131,8;2.67;13.65
42746;62446,26;2.65;13.65
42747;63953,93;2.58;12.9
42748;63651,52;2.60;12.9
42751;63831,28;2.59;12.9
42752;64354,34;2.50;12.9
42753;64149,57;2.51;12.9
42754;63950,86;2.53;12.9
42755;64521,18;2.51;12.9
42758;65748,63;2.46;12.9
42759;65840,09;2.46;12.9
42761;66190,63;2.45;12.9
42762;66033,98;2.46;12.9
42765;64301,73;2.53;12.9
42766;64670,78;2.51;12.9
42767;64836,13;2.51;12.9
42768;64578,21;0.25;12.9
42769;64953,93;0.25;12.9
42772;63992,93;2.58;12.9
42773;64198,9;2.69;12.9
42774;64835,4;2.66;12.9
42775;64964,89;2.66;12.9
42776;66124,52;0.26;12.9
42779;66967,64;2.57;12.9
42780;66712,88;2.64;12.9
42781;67975,58;2.59;12.9
42782;67814,24;0.26;12.9
42783;67748,42;2.49;12.9
42786;68532,86;2.45;12.9
42787;69052,02;2.44;12.9
42788;68589,55;2.47;12.9
42789;67461,39;2.53;12.15
42790;66662,1;2.51;12.15
42795;66988,88;2.48;12.15
42796;65854,93;2.40;12.15
42797;66785,53;2.36;12.15
42800;66341,37;3.65;12.15
42801;65742,33;3.70;12.15
42802;64718,02;3.75;12.15
42803;64585,23;0.38;12.15
42804;64675,46;3.77;12.15
42807;65534,3;3.70;12.15
42808;64699,46;3.75;12.15
42809;66234,88;3.66;12.15
42810;65782,85;3.70;12.15
42811;64209,94;3.79;12.15
42814;64884,27;3.77;12.15
42815;62980,37;3.87;12.15
42816;63521,34;3.82;12.15
42817;63530,79;3.91;12.15
42818;63853,77;3.88;12.15
42821;64308,39;3.84;12.15
42822;64640,45;3.82;12.15
42823;65528,29;3.76;12.15
42824;65265,98;3.73;12.15
42825;64984,07;3.77;12.15
42828;65211,48;3.72;12.15
42829;65768,91;#VALUE!;12.15
42830;64774,77;3.75;12.15
42831;64222,72;3.78;12.15
42832;64593,11;3.76;12.15
42835;64649,82;3.75;12.15
42836;64359,79;3.77;12.15
42837;63891,68;3.79;12.15
42838;62826,28;3.86;11.15
42842;64334,93;3.77;11.15
42843;64158,84;3.78;11.15
42844;63406,97;3.83;11.15
42845;63760,62;3.77;11.15
42849;64389,02;3.74;11.15
42850;65148,35;3.70;11.15
42851;64861,92;0.37;11.15
42852;64676,55;3.71;11.15
42853;65403,25;3.71;11.15
42857;66721,75;3.69;11.15
42858;66093,78;3.67;11.15
42859;64862,61;3.72;11.15
42860;65709,73;3.63;11.15
42863;65526,04;3.66;11.15
42864;66277,67;3.62;11.15
42865;67349,73;3.56;11.15
42866;67537,62;3.47;11.15
42867;68221,94;3.38;11.15
42870;68474,19;3.39;11.15
42871;68684,5;3.38;11.15
42872;67540,25;3.44;11.15
42873;61597,05;3.78;11.15
42874;62639,31;3.69;11.15
42877;61673,49;3.71;11.15
42878;62662,48;3.66;11.15
42879;63257,36;0.36;11.15
42880;63226,79;3.60;11.15
42881;64085,41;3.78;11.15
42884;63760,94;0.38;11.15
42885;63962,27;3.78;11.15
42886;62711,47;3.91;11.15
42887;62288,52;4.14;10.15
42888;62510,7;4.12;10.15
42891;62450,45;0.41;10.15
42892;62954,69;4.08;10.15
42893;63170,73;4.06;10.15
42894;62755,57;4.09;10.15
42895;62210,56;0.41;10.15
42898;61700,23;4.13;10.15
42899;61828,99;4.09;10.15
42900;61922,93;4.07;10.15
42902;61626,41;0.41;10.15
42905;62014,03;4.06;10.15
42906;60766,16;4.14;10.15
42907;60761,74;4.12;10.15
42908;61272,21;4.06;10.15
42909;61087,14;4.07;10.15
42912;62188,09;4.00;10.15
42913;61675,46;4.07;10.15
42914;62017,97;4.05;10.15
42915;62238,95;0.37;10.15
42916;62899,97;3.62;10.15
42919;63279,58;3.60;10.15
42920;63231,59;3.60;10.15
42921;63154,17;0.36;10.15
42922;62470,33;3.63;10.15
42923;62322,4;3.67;10.15
42926;63025,47;3.65;10.15
42927;63832,15;0.36;10.15
42928;64835,55;3.53;10.15
42929;65178,35;3.52;10.15
42930;65436,18;3.53;10.15
42933;65212,31;3.59;10.15
42934;65337,67;3.58;10.15
42935;65179,92;3.59;10.15
42936;64938,02;3.60;10.15
42937;64684,18;0.36;10.15
42940;65099,55;3.56;10.15
42941;65667,63;3.53;10.15
42942;65010,57;3.57;10.15
42943;65277,38;3.57;9.15
42944;65497,13;3.56;9.15
42947;65920,36;3.54;9.15
42948;66516,23;3.49;9.15
42949;67135,99;3.47;9.15
42950;66777,13;3.48;9.15
42951;66897,98;3.48;9.15
42954;67939,66;0.34;9.15
42955;67898,94;3.41;9.15
42956;67671,06;3.42;9.15
42957;66992,09;3.46;9.15
42958;67358,59;3.42;9.15
42961;68284,66;3.36;9.15
42962;68355,13;3.38;9.15
42963;68594,3;3.37;9.15
42964;67976,8;3.39;9.15
42965;68714,66;3.35;9.15
42968;68634,65;0.34;9.15
42969;70011,25;3.30;9.15
42970;70477,63;3.28;9.15
42971;71132,8;0.32;9.15
42972;71073,65;3.24;9.15
42975;71016,59;3.25;9.15
42976;71329,85;3.24;9.15
42977;70886,26;3.26;9.15
42978;70835,05;3.27;9.15
42979;71923,11;3.22;9.15
42982;72128,83;3.19;9.15
42983;72150,88;3.19;9.15
42984;73412,41;3.13;9.15
42986;73078,85;3.13;8.15
42989;74319,22;3.08;8.15
42990;74538,55;3.08;8.15
42991;74787,57;3.06;8.15
42992;74656,68;3.07;8.15
42993;75756,52;3.03;8.15
42996;75990,41;3.02;8.15
42997;75974,18;3.00;8.15
42998;76004,15;3.00;8.15
42999;75604,34;3.01;8.15
43000;75389,75;3.01;8.15
43003;74443,48;3.05;8.15
43004;74318,72;3.06;8.15
43005;73796,71;3.07;8.15
43006;73567,25;3.08;8.15
43007;74293,51;3.05;8.15
43010;74359,83;3.05;8.15
43011;76762,91;2.95;8.15
43012;76591,44;2.95;8.15
43013;76617,53;2.95;8.15
43014;76054,72;0.30;8.15
43017;75726,8;2.99;8.15
43018;76897,21;2.94;8.15
43019;76659,8;2.92;8.15
43021;76989,79;2.87;8.15
43024;76891,84;2.89;8.15
43025;76201,25;2.93;8.15
43026;76591,09;2.92;8.15
43027;76283,16;2.93;8.15
43028;76390,52;2.93;8.15
43031;75413,13;2.97;8.15
43032;76350,2;2.93;8.15
43033;76671,13;2.95;8.15
43034;75896,35;2.97;7.4
43035;75975,71;2.96;7.4
43038;74800,34;3.01;7.4
43039;74308,49;3.04;7.4
43040;73823,74;3.07;7.4
43042;73915,42;3.09;7.4
43045;74310,79;3.07;7.4
43046;72414,88;3.15;7.4
43047;74363,13;3.07;7.4
43048;72930,69;3.10;7.4
43049;72165,64;3.12;7.4
43052;72475,17;3.09;7.4
43053;70826,59;3.16;7.4
43055;72511,79;3.09;7.4
43056;73437,28;3.04;7.4
43060;74594,62;3.00;7.4
43061;74518,79;3.00;7.4
43062;74486,58;3.00;7.4
43063;74157,38;3.02;7.4
43066;74058,91;3.22;7.4
43067;74139,72;0.32;7.4
43068;72700,45;3.30;7.4
43069;71970,99;3.32;7.4
43070;72264,45;3.26;7.4
43073;73090,17;3.03;7.4
43074;72546,17;3.05;7.4
43075;73268,35;3.02;7.4
43076;72487,45;3.06;6.9
43077;72731,84;3.04;6.9
43080;72800,04;3.03;6.9
43081;73813,53;2.98;6.9
43082;72914,34;0.30;6.9
43083;72428,93;3.04;6.9
43084;72607,7;3.03;6.9
43087;73115,45;3.01;6.9
43088;72680,37;0.30;6.9
43089;73367,03;3.00;6.9
43090;75133,43;2.93;6.9
43091;75186,53;0.29;6.9
43095;75707,73;0.29;6.9
43096;76072,54;0.29;6.9
43097;76402,08;2.89;6.9
43102;77891,04;2.82;6.9
43103;77995,16;2.81;6.9
43104;78647,42;2.80;6.9
43105;79071,47;2.78;6.9
43108;79378,53;2.80;6.9
43109;78863,54;0.28;6.9
43110;78200,57;2.85;6.9
43111;79365,44;2.80;6.9
43112;79349,12;2.80;6.9
43115;79752,38;2.79;6.9
43116;79831,77;2.87;6.9
43117;81189,16;2.78;6.9
43118;80962,65;2.79;6.9
43119;81219,5;0.28;6.9
43122;81675,42;2.76;6.9
43123;80678,34;2.75;6.9
43124;83680;2.66;6.9
43126;85530,84;2.60;6.9
43129;84698,02;2.62;6.9
43130;84482,46;2.63;6.9
43131;84912,7;2.61;6.9
43132;85495,24;2.64;6.9
43133;84041,34;2.69;6.9
43136;81861,09;2.92;6.9
43137;83894,04;2.85;6.9
43138;82766,73;2.89;6.9
43139;81532,53;2.90;6.65
43140;80898,7;2.93;6.65
43145;83542,84;2.83;6.65
43146;84290,56;0.28;6.65
43147;84524,58;2.79;6.65
43150;84792,71;2.92;6.65
43151;85803,95;2.88;6.65
43152;86051,82;0.29;6.65
43153;86686,45;0.29;6.65
43154;87293,24;2.84;6.65
43157;87652,64;0.28;6.65
43158;86935,44;2.78;6.65
43159;85353,59;2.82;6.65
43160;85377,79;3.17;6.65
43161;85761,34;3.18;6.65
43164;86022,83;3.19;6.65
43165;85653,02;0.32;6.65
43166;85483,55;3.21;6.65
43167;84984,61;3.23;6.65
43168;86371,41;3.18;6.65
43171;86900,43;3.15;6.65
43172;86383,84;3.18;6.65
43173;86050,96;0.32;6.65
43174;84928,2;3.22;6.65
43175;84886,48;0.32;6.65
43178;83913,06;3.30;6.65
43179;84163,8;0.33;6.65
43180;84976,59;3.27;6.65
43181;84767,88;3.27;6.4
43182;84377,2;0.33;6.4
43185;85087,86;3.29;6.4
43186;83808,05;3.35;6.4
43187;83874,13;3.34;6.4
43188;85365,56;3.28;6.4
43192;84666,44;3.34;6.4
43193;84623,46;3.36;6.4
43194;84359,69;3.37;6.4
43195;85209,66;3.33;6.4
43196;84820,42;3.34;6.4
43199;83307,23;3.42;6.4
43200;84510,36;3.41;6.4
43201;85245,59;3.38;6.4
43202;85443,53;0.34;6.4
43203;84334,41;#VALUE!;6.4
43206;82861,58;3.55;6.4
43207;84086,13;3.50;6.4
43208;85776,46;3.42;6.4
43209;85824,26;3.42;6.4
43210;85550,09;3.42;6.4
43213;85602,5;3.42;6.4
43214;85469,08;3.43;6.4
43215;85044,39;3.45;6.4
43216;86383,2;3.49;6.4
43217;86444,66;3.54;6.4
43220;86115,5;#VALUE!;6.4
43222;84547,09;3.66;6.4
43223;83288,14;3.67;6.4
43224;83118,03;3.69;6.4
43227;82714,42;3.63;6.4
43228;82956,05;3.60;6.4
43229;84265,49;3.57;6.4
43230;85861,2;0.35;6.4
43231;85220,23;3.53;6.4
43234;85232,19;3.51;6.4
43235;85130,42;3.52;6.4
43236;86536,97;3.47;6.4
43237;83621,95;3.58;6.4
43238;83081,88;3.70;6.4
43241;81815,31;3.76;6.4
43242;82738,88;3.75;6.4
43243;80867,29;3.82;6.4
43244;80122,31;#VALUE!;6.4
43245;78897,66;0.39;6.4
43248;75355,84;4.11;6.4
43249;76071,98;4.05;6.4
43250;76753,62;4.01;6.4
43252;77239,75;4.03;6.4
43255;78596,06;4.14;6.4
43256;76641,73;4.04;6.4
43257;76117,23;4.07;6.4
43258;73851,47;4.20;6.4
43259;72942,07;4.25;6.4
43262;72307,77;4.28;6.4
43263;72754,13;4.25;6.4
43264;72122,13;0.43;6.4
43265;71421,2;4.34;6.4
43266;70757,73;0.44;6.4
43269;69814,73;4.42;6.4
43270;71394,34;4.30;6.4
43271;72123,41;4.27;6.4
43272;70074,9;4.40;6.4
43273;70640,65;4.37;6.4
43276;70952,97;4.32;6.4
43277;71404,59;4.28;6.4
43278;70609;4.33;6.4
43279;71766,52;4.26;6.4
43280;72762,51;4.19;6.4
43283;72839,74;4.18;6.4
43284;73667,75;4.13;6.4
43285;74743,11;4.07;6.4
43286;74553,06;4.08;6.4
43287;75010,39;4.06;6.4
43291;74862,38;4.07;6.4
43292;74398,55;4.13;6.4
43293;75856,22;4.05;6.4
43294;76594,35;0.40;6.4
43297;76652,58;4.03;6.4
43298;78130,3;3.95;6.4
43299;77362,63;4.00;6.4
43300;77486,84;4.00;6.4
43301;78571,29;3.93;6.4
43304;77996,12;3.93;6.4
43305;79154,98;3.87;6.4
43306;80218,04;3.82;6.4
43307;79405,34;3.83;6.4
43308;79866,1;3.78;6.4
43311;80275,59;3.73;6.4
43312;79220,43;3.81;6.4
43313;79301,65;3.85;6.4
43314;79636,69;3.80;6.4
43315;81434,98;3.73;6.4
43318;81050,76;3.75;6.4
43319;80346,52;3.78;6.4
43320;79151,7;3.84;6.4
43321;78767,99;3.86;6.4
43322;76514,35;3.97;6.4
43325;77496,45;3.93;6.4
43326;78602,11;3.90;6.4
43327;77077,99;3.98;6.4
43328;76818,72;4.01;6.4
43329;76028,5;4.09;6.4
43332;76327,89;0.41;6.4
43333;75180,4;#VALUE!;6.4
43334;76902,3;4.05;6.4
43335;75633,77;4.11;6.4
43336;76262,23;4.08;6.4
43339;77929,68;3.97;6.4
43340;77473,18;4.00;6.4
43341;78388,83;3.96;6.4
43342;76404,09;4.06;6.4
43343;76677,53;4.04;6.4
43346;76192,73;4.03;6.4
43347;74711,8;4.11;6.4
43348;75092,27;4.09;6.4
43349;76416,01;#VALUE!;6.4
43353;76436,35;4.09;6.4
43354;74656,51;4.18;6.4
43355;75124,81;4.16;6.4
43356;74686,67;4.18;6.4
43357;75429,09;4.14;6.4
43360;76788,85;4.07;6.4
43361;78313,96;4.00;6.4
43362;78168,66;0.00;6.4
43363;78116,01;4.00;6.4
43364;79444,29;3.94;6.4
43367;77984,18;4.01;6.4
43368;78630,14;3.99;6.4
43369;78656,16;3.99;6.4
43370;80000,09;3.92;6.4
43371;79342,42;3.95;6.4
43374;78623,66;3.98;6.4
43375;81612,28;3.83;6.4
43376;83273,4;3.75;6.4
43377;82952,81;3.76;6.4
43378;82321,52;3.79;6.4
43381;86083,91;3.62;6.4
43382;86087,55;3.63;6.4
43383;83679,11;3.73;6.4
43384;82921,08;3.77;6.4
43388;83359,76;3.74;6.4
43389;85717,56;3.64;6.4
43390;85763,95;3.64;6.4
43391;83847,12;3.73;6.4
43392;84219,74;3.71;6.4
43395;85596,69;0.36;6.4
43396;85300,03;0.36;6.4
43397;83063,56;0.38;6.4
43398;84083,51;3.74;6.4
43399;85719,87;3.67;6.4
43402;83796,71;3.74;6.4
43403;86885,71;3.60;6.4
43404;87423,55;3.58;6.4
43405;88419,05;3.55;6.4
43409;89598,16;3.50;6.4
43410;88668,92;3.53;6.4
43411;87714,35;3.57;6.4
43412;85620,13;3.67;6.4
43413;85641,21;3.67;6.4
43416;85524,7;3.67;6.4
43417;84914,11;3.70;6.4
43418;85973,06;3.64;6.4
43420;88515,27;3.54;6.4
43423;87900,83;3.54;6.4
43425;87268,8;3.88;6.4
43426;87477,44;3.89;6.4
43427;86230,22;3.98;6.4
43430;85546,51;3.98;6.4
43431;87891,18;3.86;6.4
43432;89250,82;3.84;6.4
43433;89709,56;3.77;6.4
43434;89504,03;3.77;6.4
43437;89820,09;3.76;6.4
43438;88624,45;3.81;6.4
43439;89039,79;3.82;6.4
43440;88846,48;3.83;6.4
43441;88115,07;3.86;6.4
43444;85914,71;3.96;6.4
43445;86419,57;3.95;6.4
43446;86977,46;3.88;6.4
43447;87837,59;3.84;6.4
43448;87449,5;3.87;6.4
43451;86399,68;3.90;6.4
43452;86610,49;3.90;6.4
43453;85673,52;3.94;6.4
43454;85269,29;3.96;6.4
43455;85697,15;3.95;6.4
43460;85136,1;0.40;6.4
43461;85460,2;3.94;6.4
43462;87887,26;3.83;6.4
43467;91012,31;3.70;6.4
43468;91564,25;3.68;6.4
43469;91840,79;3.67;6.4
43472;91699,05;3.67;6.4
43473;92031,86;0.37;6.4
43474;93613,04;3.60;6.4
43475;93805,93;3.59;6.4
43476;93658,31;3.58;6.4
43479;94474,13;3.57;6.4
43480;94055,72;3.59;6.4
43481;94393,07;3.56;6.4
43482;95351,09;3.52;6.4
43483;96096,75;3.49;6.4
43486;96009,77;3.49;6.4
43487;95103,38;3.56;6.4
43488;96558,42;3.53;6.4
43489;97677,19;3.49;6.4
43493;95443,88;3.57;6.4
43494;95639,33;0.36;6.4
43495;96996,21;3.51;6.4
43496;97393,74;3.45;6.4
43497;97861,27;3.44;6.4
43500;98588,63;3.38;6.4
43501;98311,2;3.62;6.4
43502;94635,57;3.73;6.4
43503;94405,59;3.74;6.4
43504;95343,1;0.37;6.4
43507;94412,91;3.83;6.4
43508;96168,4;0.38;6.4
43509;95842,4;3.77;6.4
43510;98015,09;3.69;6.4
43511;97525,91;3.69;6.4
43514;96509,89;3.73;6.4
43515;97659,15;3.58;6.4
43516;96544,81;3.60;6.4
43517;96932,27;0.35;6.4
43518;97885,6;#VALUE!;6.4
43521;97239,9;0.35;6.4
43522;97602,5;3.48;6.4
43523;97307,31;3.54;6.4
43524;95584,35;3.98;6.4
43525;94603,75;4.04;6.4
43530;94216,87;4.06;6.4
43531;94340,17;4.07;6.4
43532;95364,85;4.03;6.4
43535;98026,62;3.91;6.4
43536;97828,03;3.92;6.4
43537;98903,88;3.92;6.4
43538;98604,67;3.93;6.4
43539;99136,74;3.91;6.4
43542;99993,92;3.88;6.4
43543;99588,37;3.90;6.4
43544;98041,37;3.96;6.4
43545;96729,08;3.99;6.4
43546;93735,15;4.12;6.4
43549;93662,01;4.12;6.4
43550;95306,82;3.96;6.4
43551;91903,4;4.10;6.4
43552;94388,94;3.90;6.4
43553;95414,55;3.87;6.4
43556;96054,45;3.84;6.4
43557;95386,76;3.87;6.4
43558;94491,48;3.85;6.4
43559;96313,06;3.77;6.4
43560;97108,17;3.74;6.4
43563;97369,29;3.74;6.4
43564;96291,79;3.78;6.4
43565;95953,45;3.79;6.4
43566;94754,7;3.84;6.4
43567;92875;3.91;6.4
43570;93082,97;0.39;6.4
43571;94333,31;0.39;6.4
43572;93284,75;3.94;6.4
43573;94578,26;3.88;6.4
43577;94588,06;3.88;6.4
43578;95923,24;3.83;6.4
43579;95045,43;3.86;6.4
43580;96552,03;3.87;6.4
43581;96236,04;0.39;6.4
43584;96187,75;3.77;6.4
43585;96353,33;3.77;6.4
43587;95527,62;3.81;6.4
43588;96007,89;3.80;6.4
43591;95008,66;3.84;6.4
43592;94388,73;3.86;6.4
43593;95596,61;3.82;6.4
43594;94807,85;3.84;6.4
43595;94257,56;3.87;6.4
43598;91726,54;3.97;6.4
43599;92092,44;3.98;6.4
43600;91623,44;4.00;6.4
43601;90024,47;4.06;6.4
43602;89992,73;4.05;6.4
43605;91946,19;3.97;6.4
43606;94484,63;3.87;6.4
43607;94360,66;3.87;6.4
43608;93910,03;3.89;6.4
43609;93627,8;3.89;6.4
43612;94864,25;0.39;6.4
43613;96392,76;3.79;6.4
43614;96566,55;3.79;6.4
43615;97457,36;3.75;6.4
43616;97030,32;3.77;6.4
43619;97020,48;3.76;6.4
43620;97380,28;3.74;6.4
43621;95998,75;3.79;6.4
43622;97204,85;0.37;6.4
43623;97821,26;3.71;6.4
43626;97466,69;3.66;6.4
43627;98960;3.61;6.4
43628;98320,88;3.63;6.4
43629;98773,7;3.61;6.4
43630;98040,06;3.64;6.4
43633;97623,25;3.65;6.4
43634;99404,39;3.59;6.4
43635;100303,4;3.55;6.4
43637;102012,6;3.49;6.4
43640;102062,3;3.49;6.4
43641;100093;3.56;6.4
43642;100688,63;3.53;6.4
43643;100723,97;3.54;6.4
43644;100967,2;3.53;6.4
43647;101339,7;3.49;6.4
43648;100605,2;3.46;6.4
43649;102043,1;3.41;6.4
43650;103636,2;3.36;6.4
43651;104089,5;3.34;6.4
43654;104530,2;3.34;6.4
43656;105817,1;3.31;6.4
43657;105146,4;3.32;6.4
43658;103906;0.32;6.4
43661;103802,7;3.22;6.4
43662;103775,4;3.22;6.4
43663;103855,5;0.32;6.4
43664;104716,6;3.18;6.4
43665;103451,9;3.22;6.4
43668;103949,5;3.19;6.4
43669;103704,3;3.20;6.4
43670;104119,5;3.18;6.4
43671;102654,6;3.18;6.4
43672;102818,9;3.22;6.4
43675;103482,6;3.20;6.4
43676;102932,8;3.27;6.4
43677;101812,1;3.30;6.4
43678;102125,9;3.29;5.9
43679;102673,7;3.21;5.9
43682;100097,8;3.22;5.9
43683;102163,7;3.23;5.9
43684;102782,4;3.17;5.9
43685;104115,2;3.12;5.9
43686;103996,2;#VALUE!;5.9
43689;101915,2;3.13;5.9
43690;103299,5;3.07;5.9
43691;100258;3.18;5.9
43692;99056,91;0.32;5.9
43693;99805,78;3.21;5.9
43696;99468,67;3.22;5.9
43697;99222,25;3.25;5.9
43698;101201,9;3.21;5.9
43699;100011,3;3.25;5.9
43700;97667,49;0.33;5.9
43703;96429,6;3.37;5.9
43704;97276,19;3.34;5.9
43705;98193,53;3.31;5.9
43706;100524,4;3.23;5.9
43707;101134,6;3.20;5.9
43710;100625,7;3.20;5.9
43711;99680,83;3.25;5.9
43712;101200,9;3.19;5.9
43713;102243;3.16;5.9
43714;102935,4;3.14;5.9
43717;103180,6;3.14;5.9
43718;103031,5;3.14;5.9
43719;103445,6;3.13;5.9
43720;104370,9;3.17;5.9
43721;103501,2;3.20;5.9
43724;103680,4;3.18;5.9
43725;104616,9;3.15;5.9
43726;104531,9;3.16;5.9
43727;104339,2;3.16;5.4
43728;104817,4;3.15;5.4
43731;104637,8;3.15;5.4
43732;103875,7;3.18;5.4
43733;104481;3.16;5.4
43734;105319,4;3.18;5.4
43735;105077,6;3.18;5.4
43738;104745,3;3.19;5.4
43739;104053,4;3.21;5.4
43740;101031,4;3.30;5.4
43741;101516;3.29;5.4
43742;102551,3;3.25;5.4
43745;100572,8;3.31;5.4
43746;99981,4;3.33;5.4
43747;101248,8;3.31;5.4
43748;101817,1;3.28;5.4
43749;103831,9;3.22;5.4
43752;104301,6;3.19;5.4
43753;104489,6;3.18;5.4
43754;105422,8;3.15;5.4
43755;105015,8;3.15;5.4
43756;104728,9;3.16;5.4
43759;106022,3;#VALUE!;5.4
43760;107381,1;3.09;5.4
43761;107543,6;3.09;5.4
43762;106986,1;3.13;5.4
43763;107363,8;3.10;5.4
43766;108187,1;3.05;5.4
43767;107556,3;3.08;5.4
43768;108407,5;3.05;5.4
43769;107219,8;3.07;4.9
43770;108195,6;0.31;4.9
43773;108779,3;3.09;4.9
43774;108719;3.08;4.9
43775;108360,2;0.31;4.9
43776;109580,6;3.04;4.9
43777;107629;3.09;4.9
43780;108367,4;3.07;4.9
43781;106751,1;3.13;4.9
43782;106060;3.18;4.9
43783;106556,9;3.15;4.9
43787;106269,3;3.16;4.9
43788;105864,2;3.17;4.9
43790;107496,7;3.13;4.9
43791;108692,3;0.31;4.9
43794;108423,9;3.12;4.9
43795;107059,4;3.17;4.9
43796;107707,8;3.15;4.9
43797;108290,1;3.12;4.9
43798;108233,3;3.12;4.9
43801;108927,8;3.09;4.9
43802;108956;3.10;4.9
43803;110300,9;3.06;4.9
43804;110622,3;3.05;4.9
43805;111125,8;3.03;4.9
43808;110977,2;3.05;4.9
43809;110672;3.03;4.9
43810;110963,9;0.30;4.9
43811;112199,7;2.97;4.4
43812;112564,9;2.97;4.4
43815;111896;2.98;4.4
43816;112615,7;2.94;4.4
43817;114314,7;2.90;4.4
43818;115131,3;2.87;4.4
43819;115121,1;2.88;4.4
43822;115863,3;2.86;4.4
43825;117203,2;2.83;4.4
43826;116534;2.86;4.4
43829;115645,3;2.88;4.4
43832;118573,1;2.81;4.4
43833;117706,7;2.83;4.4
43836;116877,9;2.84;4.4
43837;116661,9;2.83;4.4
43838;116247;2.85;4.4
43839;115947,1;2.84;4.4
43840;115503,4;2.85;4.4
43843;117325,3;2.82;4.4
43844;117632,4;2.81;4.4
43845;116414,4;2.84;4.4
43846;116704,2;2.84;4.4
43847;118478,3;2.81;4.4
43850;118861,6;2.82;4.4
43851;117026;2.90;4.4
43852;118391,4;2.86;4.4
43853;119527,6;2.84;4.4
43854;118376,4;2.85;4.4
43857;114481,8;2.91;4.4
43858;116479;2.86;4.4
43859;115384,8;0.29;4.4
43860;115528;2.91;4.4
43861;113760,6;2.95;4.4
43864;114629,2;0.30;4.4
43865;115556,7;2.93;4.4
43866;116028,3;0.29;4.4
43867;115190;2.93;4.15
43868;113770,3;2.97;4.15
43871;112570,3;2.96;4.15
43872;115370,6;2.86;4.15
43873;116674,1;0.28;4.15
43874;115662,4;2.87;4.15
43875;114380,7;2.88;4.15
43878;115309,1;2.88;4.15
43879;114977,3;0.29;4.15
43880;116517,6;2.66;4.15
43881;114586,2;2.84;4.15
43882;113681,4;2.87;4.15
43887;105718,3;0.31;4.15
43888;102983,5;3.68;4.15
43889;104171,6;3.67;4.15
43892;106625,4;3.62;4.15
43893;105537,1;3.69;4.15
43894;107224,2;3.61;4.15
43895;102233,2;3.85;4.15
43896;97996,77;4.03;4.15
43899;86067,2;4.60;4.15
43900;92214,47;4.28;4.15
43901;85171,13;4.61;4.15
43902;72582,53;5.41;4.15
43903;82677,91;4.75;4.15
43906;71168,05;5.51;4.15
43907;74617,24;5.26;4.15
43908;66894,95;0.59;4.15
43909;68331,8;5.75;3.65
43910;67069,36;5.87;3.65
43913;63569,62;6.15;3.65
43914;69729,3;5.59;3.65
43915;74955,57;5.19;3.65
43916;77709,66;5.02;3.65
43917;73428,78;5.18;3.65
43920;74639,48;5.07;3.65
43921;73019,76;5.17;3.65
43922;70966,7;5.26;3.65
43923;72253,46;5.16;3.65
43924;69537,56;5.35;3.65
43927;74072,98;4.98;3.65
43928;76358,09;4.92;3.65
43929;78624,62;4.80;3.65
43930;77681,94;4.87;3.65
43934;78835,82;0.47;3.65
43935;79918,36;4.60;3.65
43936;78831,46;4.64;3.65
43937;77811,85;4.69;3.65
43938;78990,29;4.44;3.65
43941;78972,76;4.40;3.65
43943;80687,15;4.30;3.65
43944;79673,3;4.34;3.65
43945;75330,61;4.55;3.65
43948;78238,6;4.32;3.65
43949;81312,23;4.12;3.65
43950;83170,8;4.00;3.65
43951;80505,89;4.13;3.65
43955;78876,22;4.19;3.65
43956;79470,78;4.09;3.65
43957;79063,68;4.12;3.65
43958;78118,57;4.11;2.9
43959;80263,35;3.96;2.9
43962;79064,6;3.92;2.9
43963;77871,95;3.97;2.9
43964;77772,2;3.96;2.9
43965;79010,81;3.87;2.9
43966;77556,62;3.95;2.9
43969;81194,29;0.38;2.9
43970;80742,35;3.78;2.9
43971;81319,45;3.73;2.9
43972;83027,09;3.68;2.9
43973;82173,21;3.72;2.9
43976;85663,48;3.55;2.9
43977;85468,91;0.36;2.9
43978;87946,25;3.49;2.9
43979;86949,09;3.55;2.9
43980;87402,59;3.53;2.9
43983;88620,1;3.38;2.9
43984;91046,38;3.29;2.9
43985;93002,14;3.18;2.9
43986;93828,61;3.15;2.9
43987;94637,06;3.13;2.9
43990;97644,67;2.90;2.9
43991;96746,55;2.93;2.9
43992;94685,98;2.99;2.9
43994;92795,27;3.06;2.9
43997;92375,52;3.02;2.9
43998;93531,17;2.98;2.9
43999;95547,29;2.91;2.9
44000;96125,24;2.90;2.15
44001;96572,1;2.88;2.15
44004;95335,96;2.92;2.15
44005;95975,16;2.90;2.15
44006;94377,36;2.89;2.15
44007;95983,09;2.86;2.15
44008;93834,49;2.92;2.15
44011;95735,35;2.87;2.15
44012;95055,82;2.88;2.15
44013;96203,2;0.29;2.15
44014;96234,96;2.89;2.15
44015;96764,85;2.87;2.15
44018;98937,16;2.80;2.15
44019;97761,04;2.79;2.15
44020;99769,88;2.71;2.15
44021;99160,33;2.72;2.15
44022;100031,8;2.70;2.15
44025;98697,06;2.69;2.15
44026;100440,2;2.66;2.15
44027;101790,5;0.26;2.15
44028;100553,3;2.64;2.15
44029;102888,3;0.26;2.15
44032;104426,4;2.53;2.15
44033;104309,7;2.53;2.15
44034;104289,6;2.55;2.15
44035;102293,3;2.64;2.15
44036;102381,6;2.64;2.15
44039;104477,1;2.59;2.15
44040;104109,1;2.57;2.15
44041;105605,2;2.53;2.15
44042;105008,7;2.56;2.15
44043;102912,2;2.61;2.15
44046;102830;2.62;2.15
44047;101215,9;0.26;2.15
44048;102801,8;2.55;2.15
44049;104125,6;2.52;1.9
44050;102775,5;2.55;1.9
44053;103444,5;2.54;1.9
44054;102174,4;2.63;1.9
44055;102117,8;2.64;1.9
44056;100460,6;0.27;1.9
44057;101353,5;2.66;1.9
44060;99595,41;2.70;1.9
44061;102065,4;2.64;1.9
44062;100853,7;2.66;1.9
44063;101467,9;2.65;1.9
44064;101521,3;2.66;1.9
44067;102298;2.65;1.9
44068;102117,6;2.66;1.9
44069;100627,3;2.70;1.9
44070;100623,6;2.68;1.9
44071;102142,9;2.65;1.9
44074;99369,15;2.74;1.9
44075;102167,6;2.67;1.9
44076;101911,1;2.68;1.9
44077;100721,4;2.72;1.9
44078;101241,7;0.27;1.9
44082;100050,4;2.61;1.9
44083;101292;2.58;1.9
44084;98834,59;0.26;1.9
44085;98363,22;0.26;1.9
44088;100274,5;2.56;1.9
44089;100297,9;2.58;1.9
44090;99675,68;0.26;1.9
44091;100097,8;2.60;1.9
44092;98289,71;2.65;1.9
44095;96990,72;2.68;1.9
44096;97293,54;2.71;1.9
44097;95734,82;2.82;1.9
44098;97012,07;2.79;1.9
44099;96999,38;2.79;1.9
44102;94666,37;2.83;1.9
44103;93580,35;2.81;1.9
44104;94603,38;2.78;1.9
44105;95478,52;2.76;1.9
44106;94015,68;2.83;1.9
44109;96089,19;2.77;1.9
44110;95615,03;2.76;1.9
44111;95526,26;2.76;1.9
44112;97919,73;2.69;1.9
44113;97483,31;2.73;1.9
44117;98502,82;2.71;1.9
44118;99334,43;2.69;1.9
44119;99054,06;2.72;1.9
44120;98309,12;2.80;1.9
44123;98657,65;2.80;1.9
44124;100539,8;2.72;1.9
44125;100552,4;2.71;1.9
44126;101917,7;#VALUE!;1.9
44127;101259,8;2.67;1.9
44130;101017;2.65;1.9
44131;99605,54;2.73;1.9
44132;95368,76;2.87;1.9
44133;96582,16;2.91;1.9
44134;93952,4;3.00;1.9
44138;95979,71;2.96;1.9
44139;97866,81;2.90;1.9
44140;100751,4;0.28;1.9
44141;100925,11;2.77;1.9
44144;103515,16;2.70;1.9
44145;105066,96;0.27;1.9
44146;104808,83;2.73;1.9
44147;102507,01;2.80;1.9
44148;104723;2.74;1.9
44151;106429,92;2.70;1.9
44152;107248,63;2.67;1.9
44153;106119,09;2.66;1.9
44154;106669,9;2.64;1.9
44155;106042,48;2.66;1.9
44158;107378,92;2.61;1.9
44159;109786,3;2.55;1.9
44160;110132,53;2.55;1.9
44161;110227,09;2.52;1.9
44162;110575,47;2.51;1.9
44165;108893,32;2.56;1.9
44166;111399,91;2.48;1.9
44167;111878,53;2.49;1.9
44168;112291,59;2.47;1.9
44169;113750,22;2.47;1.9
44172;113589,77;0.24;1.9
44173;113793,06;2.44;1.9
44174;113001,16;2.45;1.9
44175;115128,63;2.42;1.9
44176;115128;2.43;1.9
44179;114611,12;2.43;1.9
44180;116148,63;0.24;1.9
44181;117857,35;2.36;1.9
44182;118400,57;2.35;1.9
44183;118023,67;2.39;1.9
44186;115822,57;0.24;1.9
44187;116636,18;2.38;1.9
44188;117806,85;2.36;1.9
44193;119123,7;2.34;1.9
44194;119409,15;2.37;1.9
44195;119017,24;2.36;1.9
44200;118854,71;2.33;1.9
44201;119376,21;2.32;1.9
44202;119100,08;2.33;1.9
44203;122385,92;2.27;1.9
44204;125076,63;2.20;1.9
44207;123255,13;0.22;1.9
44208;123998;2.21;1.9
44209;121933,08;2.25;1.9
44210;123480,52;2.23;1.9
44211;120348,8;2.30;1.9
44214;121241,63;0.23;1.9
44215;120636,39;2.30;1.9
44216;119646,4;0.23;1.9
44217;118328,99;2.35;1.9
44218;117380,49;2.37;1.9
44222;116464,06;2.38;1.9
44223;115882,3;2.39;1.9
44224;118883,25;0.23;1.9
44225;115067,55;2.40;1.9
44228;117517,57;2.26;1.9
44229;118233,81;2.24;1.9
44230;119724,72;2.18;1.9
44231;119260,82;2.19;1.9
44232;120240,26;2.18;1.9
44235;119696,36;2.22;1.9
44236;119471,62;2.21;1.9
44237;118435,33;2.22;1.9
44238;119299,83;2.11;1.9
44239;119428,72;2.10;1.9
44244;120355,79;2.07;1.9
44245;119198,97;2.10;1.9
44246;118430,53;2.10;1.9
44249;112667,7;2.16;1.9
44250;115227,46;2.10;1.9
44251;115667,78;2.09;1.9
44252;112256,36;2.28;1.9
44253;110035,17;2.32;1.9
44256;110334,83;2.32;1.9
44257;111539,8;2.27;1.9
44258;111183,95;2.28;1.9
44259;112690,17;3.99;1.9
44260;115202,23;3.92;1.9
44263;110611,58;0.41;1.9
44264;111330,62;4.07;1.9
44265;112776,49;4.03;1.9
44266;114983,76;3.94;1.9
44267;114160,4;3.99;1.9
44270;114850,74;3.97;1.9
44271;114018,78;4.01;1.9
44272;116549,44;3.93;1.9
44273;114835,43;4.07;2.65
44274;116221,58;4.01;2.65
44277;114978,86;4.11;2.65
44278;113261,8;4.18;2.65
44279;112064,19;4.22;2.65
44280;113749,9;4.16;2.65
44281;114780,62;4.13;2.65
44284;115418,72;4.12;2.65
44285;116849,67;4.06;2.65
44286;116633,72;4.11;2.65
44287;115253,31;4.15;2.65
44291;117518,44;4.07;2.65
44292;117498,87;4.07;2.65
44293;117623,58;4.07;2.65
44294;118313,23;4.07;2.65
44295;117669,9;4.09;2.65
44298;118811,74;0.41;2.65
44299;119297,13;4.07;2.65
44300;120294,68;4.06;2.65
44301;120700,67;4.07;2.65
44302;121113,93;4.06;2.65
44305;120933,78;4.09;2.65
44306;120061,99;0.41;2.65
44308;119371,48;4.21;2.65
44309;120530,06;4.16;2.65
44312;120594,61;4.16;2.65
44313;119388,37;0.42;2.65
44314;121052,52;4.18;2.65
44315;120065,75;4.22;2.65
44316;118893,84;4.27;2.65
44319;119209,48;4.12;2.65
44320;117712;4.18;2.65
44321;119564,44;4.12;2.65
44322;119920,61;4.17;3.4
44323;122038,11;4.09;3.4
44326;121909,03;4.03;3.4
44327;122964,01;3.99;3.4
44328;119710,03;4.11;3.4
44329;120705,91;0.41;3.4
44330;121880,82;4.04;3.4
44333;122937,87;4.00;3.4
44334;122979,96;3.92;3.4
44335;122636,3;3.94;3.4
44336;122700,79;3.94;3.4
44337;122592,47;3.95;3.4
44340;124031,62;0.39;3.4
44341;122987,71;3.93;3.4
44342;123989,17;3.91;3.4
44343;124366,57;3.89;3.4
44344;125561,37;3.82;3.4
44347;126215,73;3.80;3.4
44348;128267,05;3.70;3.4
44349;129601,44;3.65;3.4
44351;130125,78;3.64;3.4
44354;130776,27;3.62;3.4
44355;129787,11;3.65;3.4
44356;129906,8;3.64;3.4
44357;130076,17;0.36;3.4
44358;129441,03;3.66;3.4
44361;130207,96;3.76;3.4
44362;130091,08;3.76;3.4
44363;129259,49;3.77;3.4
44364;128057,22;3.81;4.15
44365;128405,35;3.78;4.15
44368;129264,96;3.63;4.15
44369;128767,45;3.64;4.15
44370;128427,98;3.65;4.15
44371;129513,62;3.62;4.15
44372;127255,61;3.69;4.15
44375;127429,17;3.68;4.15
44376;127327,44;3.70;4.15
44377;126801,66;3.72;4.15
44378;125666,19;3.75;4.15
44379;127621,65;3.72;4.15
44382;126920,05;3.75;4.15
44383;125094,88;3.82;4.15
44384;127018,71;3.79;4.15
44385;125427,77;3.91;4.15
44389;127593,83;3.86;4.15
44390;128167,74;3.84;4.15
44391;128406,51;3.83;4.15
44392;127467,88;3.89;4.15
44393;125960,26;3.93;4.15
44396;124394,57;0.40;4.15
44397;125401,36;3.97;4.15
44398;125929,25;4.00;4.15
44399;126146,66;4.00;4.15
44400;125052,78;4.05;4.15
44403;126003,86;4.03;4.15
44404;124612,03;4.07;4.15
44405;126285,59;4.01;4.15
44406;125675,33;4.08;4.15
44407;121800,79;4.20;4.15
44410;122515,74;4.19;4.15
44411;123576,56;4.15;4.15
44412;121801,21;4.20;4.15
44413;121632,92;4.21;5.15
44414;122810,36;4.23;5.15
44417;123019,38;4.24;5.15
44418;122202,47;4.27;5.15
44419;122056,34;4.47;5.15
44420;120700,98;4.53;5.15
44421;121193,75;4.51;5.15
44424;119180,03;4.63;5.15
44425;117903,81;4.72;5.15
44426;116642,62;4.78;5.15
44427;117164,69;4.77;5.15
44428;118052,77;4.76;5.15
44431;117471,67;0.47;5.15
44432;120210,75;4.89;5.15
44433;120817,71;4.87;5.15
44434;118723,97;5.24;5.15
44435;120677,6;5.16;5.15
44438;119739,96;5.20;5.15
44439;118781,03;5.25;5.15
44440;119395,6;5.24;5.15
44441;116677,08;5.38;5.15
44442;116933,24;5.35;5.15
44445;117868,63;5.45;5.15
44447;113412,84;5.67;5.15
44448;115360,86;5.61;5.15
44449;114285,93;5.68;5.15
44452;116403,72;5.61;5.15
44453;116180,55;5.63;5.15
44454;115062,54;5.65;5.15
44455;113794,28;5.62;5.15
44456;111439,37;5.75;5.15
44459;108843,74;5.88;5.15
44460;110249,73;5.86;5.15
44461;112282,28;5.73;5.15
44462;114064,36;5.72;6.15
44463;113282,67;5.75;6.15
44466;113583,01;5.71;6.15
44467;110123,85;5.85;6.15
44468;111106,83;5.82;6.15
44469;110979,1;0.58;6.15
44470;112899,64;5.66;6.15
44473;110393,09;5.86;6.15
44474;110457,64;5.85;6.15
44475;110559,57;5.89;6.15
44476;110585,43;5.89;6.15
44477;112833,2;5.79;6.15
44480;112180,48;5.83;6.15
44482;113455,92;0.58;6.15
44483;113185,48;5.87;6.15
44484;114647,99;5.80;6.15
44487;114428,18;5.82;6.15
44488;110672,76;6.03;6.15
44489;110786,43;6.06;6.15
44490;107735,01;0.62;6.15
44491;106296,18;6.27;6.15
44494;108714,55;6.18;6.15
44495;106419,53;6.31;6.15
44496;106363,1;6.31;6.15
44497;105704,96;6.36;7.65
44498;103500,71;0.67;7.65
44501;105550,86;6.59;7.65
44503;105616,88;6.60;7.65
44504;103412,09;6.75;7.65
44505;104824,23;6.64;7.65
44508;104781,13;6.63;7.65
44509;105535,08;6.58;7.65
44510;105967,51;6.63;7.65
44511;107594,67;6.52;7.65
44512;106334,54;6.61;7.65
44516;104403,66;6.78;7.65
44517;102948,45;6.87;7.65
44518;102426;6.87;7.65
44519;103035,02;6.83;7.65
44522;102122,37;6.90;7.65
44523;103653,82;6.80;7.65
44524;104514,19;7.08;7.65
44525;105811,25;7.00;7.65
44526;102224,26;7.34;7.65
44529;102814,03;7.60;7.65
44530;101915,45;7.68;7.65
44531;100774,57;0.78;7.65
44532;104466,24;7.59;7.65
44533;105069,69;0.76;7.65
44536;106858,87;7.44;7.65
44537;107557,67;7.40;7.65
44538;108095,53;7.38;7.65
44539;106291,24;0.75;9.15
44540;107758,34;7.45;9.15
44543;107383,32;7.44;9.15
44544;106759,92;7.49;9.15
44545;107431,18;7.51;9.15
44546;108326,33;7.44;9.15
44547;107200,56;7.55;9.15
44550;105019,78;7.67;9.15
44551;105499,88;7.61;9.15
44552;105243,72;7.64;9.15
44553;104891,32;7.66;9.15
44557;105554,4;7.61;9.15
44558;104864,17;0.77;9.15
44559;104107,24;7.72;9.15
44560;104822,44;7.67;9.15
44564;103921,59;7.72;9.15
44565;103513,64;8.13;9.15
44566;101005,64;7.96;9.15
44567;101561,05;7.91;9.15
44568;102719,47;7.81;9.15
44571;101945,2;7.85;9.15
44572;103778,98;7.77;9.15
44573;105685,66;0.76;9.15
44574;105529,5;7.64;9.15
44575;106927,79;7.23;9.15
44578;106373,87;7.21;9.15
44579;106667,66;7.19;9.15
44580;108013,47;7.35;9.15
44581;109101,99;7.27;9.15
44582;108941,68;0.73;9.15
44585;107937,11;7.35;9.15
44586;110203,77;7.20;9.15
44587;111289,18;6.88;9.15
44588;112611,65;0.68;9.15
44589;111910,1;6.85;9.15
44592;112143,51;6.82;9.15
44593;113228,31;0.67;9.15
44594;111894,36;6.84;9.15
44595;111695,94;6.87;10.65
44596;112244,94;6.83;10.65
44599;111996,4;0.68;10.65
44600;112234,46;7.27;10.65
44601;112461,39;7.25;10.65
44602;113367,77;7.14;10.65
44603;113572,35;7.13;10.65
44606;113899,19;0.70;10.65
44607;114828,18;7.02;10.65
44608;115180,95;7.00;10.65
44609;113528,48;0.71;10.65
44610;112879,85;7.11;10.65
44613;111725,3;7.20;10.65
44614;112891,8;7.11;10.65
44615;112007,61;7.87;10.65
44616;111591,87;8.42;10.65
44617;113141,94;8.31;10.65
44622;115173,61;8.16;10.65
44623;115165,55;8.16;10.65
44624;114473,78;0.82;10.65
44627;111593,46;8.42;10.65
44628;111203,45;8.48;10.65
44629;113900,34;7.51;10.65
44630;113663,13;0.76;10.65
44631;111713,07;8.56;10.65
44634;109927,62;8.75;10.65
44635;108959,3;8.83;10.65
44636;111112,43;8.66;10.65
44637;113076,33;8.50;11.65
44638;115310,91;8.50;11.65
44641;116154,53;8.40;11.65
44642;117272,44;8.30;11.65
44643;117457,34;8.22;11.65
44644;119052,91;8.12;11.65
44645;119081,13;8.14;11.65
44648;118737,78;8.08;11.65
44649;120014,17;7.37;11.65
44650;120259,76;7.36;11.65
44651;119999,23;7.38;11.65
44652;121570,15;7.28;11.65
44655;121279,51;7.36;11.65
44656;118885,15;0.77;11.65
44657;118227,75;7.77;11.65
44658;118862,12;7.73;11.65
44659;118322,26;7.77;11.65
44662;116952,85;7.85;11.65
44663;116146,86;7.89;11.65
44664;116781,96;7.85;11.65
44665;116181,61;7.97;11.65
44669;115687,25;8.00;11.65
44670;115056,66;7.75;11.65
44671;114343,78;7.79;11.65
44673;111077,51;0.80;11.65
44676;110684,95;8.06;11.65
44677;108212,86;8.88;11.65
44678;109349,37;8.80;11.65
44679;109918,97;8.72;11.65
44680;107876,16;8.76;11.65
44683;106638,64;8.91;11.65
44684;106528,09;8.94;11.65
44685;108343,74;8.80;11.65
44686;105304,19;9.05;12.65
44687;105134,73;9.08;12.65
44690;103250,02;9.35;12.65
44691;103109,94;9.36;12.65
44692;104396,9;0.92;12.65
44693;105687,64;9.08;12.65
44694;106924,18;8.99;12.65
44697;108232,74;8.35;12.65
44698;108789,33;8.29;12.65
44699;106247,15;8.48;12.65
44700;107005,22;8.42;12.65
44701;108487,88;8.30;12.65
44704;110345,82;8.15;12.65
44705;110580,79;8.24;12.65
44706;110579,81;8.25;12.65
44707;111889,88;8.16;12.65
44708;111941,68;8.16;12.65
44711;111032,11;8.22;12.65
44712;111350,51;8.20;12.65
44713;111359,94;8.20;12.65
44714;112392,91;8.12;12.65
44715;111102,32;8.20;12.65
44718;110185,91;8.00;12.65
44719;110069,76;8.01;12.65
44720;108367,67;8.16;12.65
44721;107093,71;8.26;12.65
44722;105481,23;8.39;12.65
44725;102598,18;8.63;12.65
44726;102063,25;8.68;12.65
44727;102806,82;8.62;12.65
44729;99824,94;8.89;13.15
44732;99852,67;8.89;13.15
44733;99684,5;8.91;13.15
44734;99522,32;8.92;13.15
44735;98080,34;9.05;13.15
44736;98672,26;8.92;13.15
44739;100763,6;9.80;13.15
44740;100591,41;9.79;13.15
44741;99621,58;10.66;13.15
44742;98541,95;10.78;13.15
44743;98953,9;10.48;13.15
44746;98608,76;9.80;13.15
44747;98294,64;9.81;13.15
44748;98718,98;9.76;13.15
44749;100729,72;9.91;13.15
44750;100288,94;9.86;13.15
44753;98212,46;10.09;13.15
44754;98271,21;10.06;13.15
44755;97881,16;10.10;13.15
44756;96120,85;10.28;13.15
44757;96551;10.31;13.15
44760;96916,13;10.26;13.15
44761;98244,8;10.18;13.15
44762;98286,83;10.19;13.15
44763;99033,17;1.06;13.15
44764;98924,82;10.89;13.15
44767;100269,85;10.23;13.15
44768;99771,69;10.27;13.15
44769;101437,96;9.72;13.15
44770;102596,66;9.51;13.15
44771;103164,69;9.37;13.15
44774;102225,08;9.38;13.15
44775;103361,7;9.26;13.15
44776;103774,68;9.23;13.15
44777;105892,22;9.06;13.65
44778;106471,92;9.00;13.65
44781;108402,27;9.15;13.65
44782;108651,05;9.15;13.65
44783;110235,76;9.68;13.65
44784;109717,94;9.77;13.65
44785;112764,26;9.82;13.65
44788;113031,98;9.78;13.65
44789;113512,38;9.92;13.65
44790;113707,76;0.99;13.65
44791;113812,87;9.92;13.65
44792;111496,21;1.01;13.65
44795;110500,53;10.17;13.65
44796;112857,1;9.90;13.65
44797;112897,84;9.89;13.65
44798;113531,72;9.82;13.65
44799;112298,86;9.92;13.65
44802;112323,12;11.26;13.65
44803;110430,64;11.46;13.65
44804;109522,88;11.57;13.65
44805;110405,3;11.50;13.65
44806;110864,24;11.46;13.65
44809;112203,35;11.22;13.65
44810;109763,77;11.47;13.65
44812;109915,64;11.42;13.65
44813;112300,41;11.17;13.65
44816;113406,55;10.99;13.65
44817;110793,96;1.13;13.65
44818;110546,67;11.27;13.65
44819;109953,65;11.29;13.65
44820;109280,37;11.35;13.65
44823;111823,89;11.13;13.65
44824;112516,91;11.06;13.65
44825;111935,86;11.11;13.65
44826;114070,48;1.09;13.65
44827;111716;11.12;13.65
44830;109114,16;11.40;13.65
44831;108376,35;11.48;13.65
44832;108451,2;11.46;13.65
44833;107664,35;11.63;13.65
44834;110036,79;11.42;13.65
44837;116134,46;10.82;13.65
44838;116230,12;10.82;13.65
44839;117197,82;10.67;13.65
44840;117560,83;10.64;13.65
44841;116375,25;10.75;13.65
44844;115940,64;10.77;13.65
44845;114827,12;1.09;13.65
44847;114300,09;10.95;13.65
44848;112072,34;11.17;13.65
44851;113623,98;11.01;13.65
44852;115743,07;10.18;13.65
44853;116274,24;10.10;13.65
44854;117171,11;10.01;13.65
44855;119928,79;9.78;13.65
44858;116012,7;10.10;13.65
44859;114625,59;9.77;13.65
44860;112763,79;9.74;13.65
44861;114640,76;9.60;13.65
44862;114539,05;9.61;13.65
44865;116037,08;10.15;13.65
44866;116928,66;10.03;13.65
44868;116896,36;9.93;13.65
44869;118155,46;9.82;13.65
44872;115342,4;10.04;13.65
44873;116160,35;9.99;13.65
44874;113580,09;10.21;13.65
44875;109775,46;10.55;13.65
44876;112253,49;10.33;13.65
44879;113161,28;10.23;13.65
44881;110243,33;10.49;13.65
44882;109702,78;10.54;13.65
44883;108870,17;10.63;13.65
44886;109748,18;10.55;13.65
44887;109036,54;10.77;13.65
44888;108841,15;10.77;13.65
44889;111831,16;10.48;13.65
44890;108976,7;10.76;13.65
44893;108782,15;10.77;13.65
44894;110909,61;10.55;13.65
44895;112486,01;10.40;13.65
44896;110925,6;10.54;13.65
44897;111923,93;10.43;13.65
44900;109401,41;10.60;13.65
44901;110188,57;10.50;13.65
44902;109068,55;10.61;13.65
44903;107249,04;10.80;13.65
44904;107519,56;10.79;13.65
44907;105343,33;10.94;13.65
44908;103539,67;1.11;13.65
44909;103745,77;11.10;13.65
44910;103737,69;11.04;13.65
44911;102855,7;11.14;13.65
44914;104739,75;10.95;13.65
44915;106864,11;10.67;13.65
44916;107433,14;10.51;13.65
44917;107551,52;10.51;13.65
44918;109697,57;10.30;13.65
44921;108737,75;10.37;13.65
44922;108578,2;10.36;13.65
44923;110236,71;10.21;13.65
44924;109734,6;10.26;13.65
44928;106376,02;10.64;13.65
44929;104165,74;10.86;13.65
44930;105334,46;10.67;13.65
44931;107641,32;10.44;13.65
44932;108963,7;10.31;13.65
44935;109129,57;10.47;13.65
44936;110816,71;10.32;13.65
44937;112517,08;10.19;13.65
44938;111850,22;10.28;13.65
44939;110916,08;10.38;13.65
44942;109212,66;10.54;13.65
44943;111439,12;10.33;13.65
44944;112228,39;10.30;13.65
44945;112921,88;10.23;13.65
44946;112040,64;10.32;13.65
44949;111737,28;10.35;13.65
44950;113028,15;10.23;13.65
44951;114270,07;10.10;13.65
44952;114177,55;10.10;13.65
44953;112316,16;10.19;13.65
44956;112273,01;10.19;13.65
44957;113430,54;1.01;13.65
44958;112073,55;10.12;13.65
44959;110140,64;1.03;13.65
44960;108523,47;10.46;13.65
44963;108721,58;10.44;13.65
44964;107829,73;10.40;13.65
44965;109951,49;1.02;13.65
44966;108008,05;10.36;13.65
44967;108078,27;10.36;13.65
44970;108836,47;10.03;13.65
44971;107848,81;10.12;13.65
44972;109600,14;9.84;13.65
44973;109941,46;10.17;13.65
44974;109176,92;10.24;13.65
44979;107152,05;10.35;13.65
44980;107592,87;10.31;13.65
44981;105798,43;10.49;13.65
44984;105711,05;10.56;13.65
44985;104931,93;10.67;13.65
44986;104384,67;10.74;13.65
44987;103325,61;1.10;13.65
44988;103865,99;10.97;13.65
44991;104700,32;10.86;13.65
44992;104227,93;6.63;13.65
44993;106540,32;0.65;13.65
44994;105071,19;6.57;13.65
44995;103618,2;6.66;13.65
44998;103121,36;6.57;13.65
44999;102932,38;6.61;13.65
45000;102675,45;6.62;13.65
45001;103434,66;6.64;13.65
45002;101981,53;6.70;13.65
45005;100922,89;6.75;13.65
45006;100998,13;6.72;13.65
45007;100220,63;6.80;13.65
45008;97926,34;6.94;13.65
45009;98829,27;6.81;13.65
45012;99670,47;6.75;13.65
45013;101185,09;6.66;13.65
45014;101792,52;0.66;13.65
45015;103713,45;0.65;13.65
45016;101882,2;6.59;13.65
45019;101506,18;6.56;13.65
45020;101869,45;6.55;13.65
45021;100977,85;6.59;13.65
45022;100821,73;6.62;13.65
45026;101846,64;6.55;13.65
45027;106213,76;6.29;13.65
45028;106889,71;0.64;13.65
45029;106457,85;6.45;13.65
45030;106279,37;6.46;13.65
45033;106015,67;0.65;13.65
45034;106163,23;6.44;13.65
45035;103912,94;6.61;13.65
45036;104366,82;6.57;13.65
45040;103946,58;6.65;13.65
45041;103220,09;6.69;13.65
45042;102312,1;6.72;13.65
45043;102923,31;0.67;13.65
45044;104431,63;6.66;13.65
45048;101926,95;6.86;13.65
45049;101797,09;6.93;13.65
45050;102174,34;6.90;13.65
45051;105148,48;7.18;13.65
45054;106042,15;6.69;13.65
45055;107113,66;#VALUE!;13.65
45056;107448,21;6.57;13.65
45057;108256,4;6.51;13.65
45058;108463,84;6.46;13.65
45061;109029,12;0.63;13.65
45062;108193,68;6.35;13.65
45063;109459,95;6.25;13.65
45064;110108,46;6.26;13.65
45065;110744,51;6.24;13.65
45068;110213,12;6.27;13.65
45069;109928,53;6.29;13.65
45070;108799,54;6.33;13.65
45071;110054,38;6.29;13.65
45072;110905,51;6.25;13.65
45075;110333,4;6.28;13.65
45076;108967,03;6.34;13.65
45077;108335,07;6.39;13.65
45078;110564,66;6.26;13.65
45079;112558,15;6.15;13.65
45082;112696,32;6.07;13.65
45083;114610,1;6.00;13.65
45084;115488,16;5.94;13.65
45086;117019,48;5.83;13.65
45089;117336,34;6.92;13.65
45090;116742,71;7.02;13.65
45091;119068,77;6.88;13.65
45092;119221;0.69;13.65
45093;118758,42;6.90;13.65
45096;119857,76;6.75;13.65
45097;119622,4;0.67;13.65
45098;120420,26;6.62;13.65
45099;118934,2;6.70;13.65
45100;118977,1;0.67;13.65
45103;118242,95;6.78;13.65
45104;117522,87;6.81;13.65
45105;116681,32;6.84;13.65
45106;118382,65;6.76;13.65
45107;118087;6.77;13.65
45110;119672,78;6.67;13.65
45111;119076,37;6.71;13.65
45112;119549,21;6.69;13.65
45113;117425,7;0.68;13.65
45114;118897,99;0.67;13.65
45117;117942,44;6.76;13.65
45118;117555,5;0.68;13.65
45119;117666,49;6.78;13.65
45120;119263,89;6.68;13.65
45121;117710,54;6.77;13.65
45124;118219,46;6.78;13.65
45125;117841,19;6.76;13.65
45126;117552,07;6.80;13.65
45127;118082,9;6.74;13.65
45128;120216,77;6.62;13.65
45131;121341,69;6.54;13.65
45132;122007,77;6.74;13.65
45133;122560,38;6.51;13.65
45134;119989,64;6.44;13.65
45135;120187,11;6.45;13.65
45138;121942,98;6.21;13.65
45139;121248,39;6.15;13.65
45140;120858,72;6.18;13.65
45141;120585,77;6.16;13.15
45142;119507,68;6.23;13.15
45145;119379,5;6.25;13.15
45146;119090,24;6.33;13.15
45147;118408,77;0.64;13.15
45148;118349,6;6.43;13.15
45149;118065,14;0.65;13.15
45152;116809,55;6.42;13.15
45153;116171,42;6.49;13.15
45154;115591,52;6.47;13.15
45155;114982,3;6.51;13.15
45156;115408,52;6.49;13.15
45159;114429,35;6.55;13.15
45160;116156,01;6.49;13.15
45161;118134,59;6.31;13.15
45162;117025,6;6.43;13.15
45163;115837,2;6.49;13.15
45166;117120,98;6.42;13.15
45167;118403,61;6.36;13.15
45168;117535,1;6.41;13.15
45169;115741,81;0.65;13.15
45170;117892,96;6.40;13.15
45173;117776,62;6.28;13.15
45174;117331,3;6.29;13.15
45175;115985,34;6.36;13.15
45177;115313,4;6.45;13.15
45180;116883,34;6.37;13.15
45181;117968,12;6.31;13.15
45182;118175,97;6.30;13.15
45183;119391,55;6.62;13.15
45184;118757,53;6.66;13.15
45187;118288,21;6.64;13.15
45188;117845,78;6.67;13.15
45189;118695,32;6.62;13.15
45190;116145,05;6.64;12.65
45191;116008,64;6.64;12.65
45194;115924,61;6.64;12.65
45195;114193,43;6.73;12.65
45196;114327,05;6.72;12.65
45197;115730,76;6.62;12.65
45198;116565,17;0.66;12.65
45201;115056,86;6.66;12.65
45202;113419,04;6.76;12.65
45203;113607,45;6.60;12.65
45204;113284,08;6.63;12.65
45205;114169,63;6.58;12.65
45208;115156,07;6.43;12.65
45209;116736,95;6.35;12.65
45210;117050,74;6.34;12.65
45212;115754,08;0.65;12.65
45215;116533,85;6.42;12.65
45216;115908,43;6.56;12.65
45217;114059,64;6.70;12.65
45218;114004,3;6.71;12.65
45219;113155,28;6.76;12.65
45222;112784,52;6.80;12.65
45223;113761,9;6.74;12.65
45224;112829,97;6.79;12.65
45225;114776,86;6.70;12.65
45226;113301,35;6.88;12.65
45229;112531,52;7.02;12.65
45230;113143,67;0.70;12.65
45231;115052,96;6.90;12.65
45233;118159,97;6.74;12.15
45236;118431,25;6.70;12.15
45237;119268,06;6.65;12.15
45238;119176,67;6.71;12.15
45239;119034,14;6.71;12.15
45240;120568,14;0.66;12.15
45243;120410,17;6.63;12.15
45244;123165,76;6.50;12.15
45246;124639,24;6.43;12.15
45247;124773,21;6.42;12.15
45250;125957,06;6.44;12.15
45251;125626,03;0.62;12.15
45252;126035,3;6.22;12.15
45253;126575,75;6.19;12.15
45254;125517,27;6.46;12.15
45257;125731,45;6.47;12.15
45258;126538,32;6.45;12.15
45259;126165,64;6.48;12.15
45260;127331,12;6.71;12.15
45261;128184,91;6.66;12.15
45264;126802,79;6.75;12.15
45265;126903,25;6.74;12.15
45266;125622,65;6.81;12.15
45267;126009,57;6.80;12.15
45268;127093,57;6.74;12.15
45271;126916,41;0.68;12.15
45272;126403,03;6.78;12.15
45273;129465,08;6.62;12.15
45274;130842,09;6.74;11.65
45275;130197,1;6.77;11.65
45278;131083,82;6.71;11.65
45279;131850,9;6.69;11.65
45280;130804,17;#VALUE!;11.65
45281;132182,01;6.71;11.65
45282;132752,93;6.70;11.65
45286;133532,92;6.66;11.65
45287;134193,72;6.55;11.65
45288;134185,24;6.55;11.65
45293;132696,63;6.62;11.65
45294;132833,95;6.61;11.65
45295;131225,91;6.71;11.65
45296;132022,92;6.67;11.65
45299;132426,54;6.65;11.65
45300;131446,59;0.65;11.65
45301;130841,09;6.49;11.65
45302;130648,75;6.50;11.65
45303;130987,67;6.50;11.65
45306;131520,91;6.45;11.65
45307;129294,04;0.66;11.65
45308;128523,83;6.57;11.65
45309;127315,74;6.63;11.65
45310;127635,65;6.61;11.65
45313;126601,55;6.67;11.65
45314;128262,52;6.59;11.65
45315;127815,7;6.61;11.65
45316;128168,73;6.59;11.65
45317;128967,32;6.55;11.65
45320;128502,66;6.63;11.65
45321;127401,81;6.57;11.65
45322;127752,28;6.55;11.65
45323;128481,02;6.52;11.15
45324;127182,25;6.59;11.15
45327;127593,49;6.70;11.15
45328;130416,31;6.55;11.15
45329;129949,9;6.68;11.15
45330;128216,92;6.48;11.15
45331;128025,7;6.47;11.15
45336;127018,29;6.53;11.15
45337;127804,13;0.65;11.15
45338;128725,88;6.28;11.15
45341;129035,74;6.48;11.15
45342;129916,11;6.43;11.15
45343;130031,58;6.43;11.15
45344;130240,55;6.35;11.15
45345;129418,73;6.39;11.15
45348;129609,05;6.39;11.15
45349;131689,37;6.29;11.15
45350;130155,43;6.35;11.15
45351;129020,02;6.37;11.15
45352;129180,37;6.36;11.15
45355;128340,54;6.39;11.15
45356;128098,11;#VALUE!;11.15
45357;128890,23;0.63;11.15
45358;128339,76;5.45;11.15
45359;127070,79;5.49;11.15
45362;126123,56;6.42;11.15
45363;127667,84;6.38;11.15
45364;128006,05;6.35;11.15
45365;127689,97;0.64;11.15
45366;126741,81;6.40;11.15
45369;126954,18;6.34;11.15
45370;127528,85;6.31;11.15
45371;129124,83;6.23;11.15
45372;128158,57;6.21;10.65
45373;127027,1;0.63;10.65
45376;126931,47;6.25;10.65
45377;126863,02;6.25;10.65
45378;127690,62;6.21;10.65
45379;128106,1;6.19;10.65
45383;126990,45;6.24;10.65
45384;127548,52;6.25;10.65
45385;127318,39;6.13;10.65
45386;127427,53;0.61;10.65
45387;126795,41;6.11;10.65
45390;128857,16;5.99;10.65
45391;129890,37;5.97;10.65
45392;128053,74;6.05;10.65
45393;127396,35;6.11;10.65
45394;125946,09;6.18;10.65
45397;125333,89;6.21;10.65
45398;124388,62;6.32;10.65
45399;124171,15;6.42;10.65
45400;124196,18;0.64;10.65
45401;125124,3;6.37;10.65
45404;125573,16;6.34;10.65
45405;125148,07;6.36;10.65
45406;124740,69;6.39;10.65
45407;124645,58;6.35;10.65
45408;126526,27;6.34;10.65
45411;127351,79;6.30;10.65
45412;125924,19;6.36;10.65
45414;127122,25;6.32;10.65
45415;128508,67;6.29;10.65
45418;128465,69;0.63;10.65
45419;129210,48;6.21;10.65
45420;129480,89;#VALUE!;10.65
45421;128188,34;6.28;10.4
45422;127599,57;0.63;10.4
45425;128154,79;6.30;10.4
45426;128515,49;6.28;10.4
45427;128027,59;0.63;10.4
45428;128283,62;6.33;10.4
45429;128150,71;6.34;10.4
45432;127750,92;6.37;10.4
45433;127411,55;6.39;10.4
45434;125650,03;6.48;10.4
45435;124729,4;6.49;10.4
45436;124305,57;6.52;10.4
45439;124495,68;6.51;10.4
45440;123779,54;6.63;10.4
45441;122707,28;6.48;10.4
45443;122098,09;#VALUE!;10.4
45446;122031,58;6.51;10.4
45447;121802,06;6.52;10.4
45448;121407,33;6.61;10.4
45449;122898,8;6.52;10.4
45450;120767,19;6.63;10.4
45453;120759,51;6.68;10.4
45454;121635,06;6.59;10.4
45455;119936,02;6.67;10.4
45456;119567,53;6.69;10.4
45457;119662,38;6.66;10.4
45460;119137,86;6.81;10.4
45461;119630,44;6.78;10.4
45462;120261,34;6.75;10.4
45463;120445,91;0.68;10.4
45464;121341,13;6.71;10.4
45467;122636,96;6.63;10.4
45468;122331,39;6.64;10.4
45469;122641,3;6.52;10.4
45470;124307,83;6.45;10.4
45471;123906,55;6.47;10.4
45474;124718,07;6.43;10.4
45475;124787,08;6.43;10.4
45476;125661,89;6.37;10.4
45477;126163,98;0.63;10.4
45478;126267,05;6.32;10.4
45481;126548,34;6.32;10.4
45482;127108,22;6.29;10.4
45483;127218,24;6.28;10.4
45484;128293,61;0.62;10.4
45485;128896,98;6.16;10.4
45488;129320,96;6.15;10.4
45489;129110,38;6.09;10.4
45490;129450,32;6.05;10.4
45491;127652,06;6.14;10.4
45492;127616,46;6.13;10.4
45495;127859,63;6.13;10.4
45496;126589,84;6.20;10.4
45497;126422,73;0.62;10.4
45498;125954,09;6.24;10.4
45499;127492,49;6.19;10.4
45502;126953,86;6.46;10.4
45503;126139,21;6.51;10.4
45504;127651,81;6.40;10.4
45505;127395,1;6.41;10.4
45506;125854,09;6.50;10.4
45509;125269,54;6.56;10.4
45510;126266,7;6.51;10.4
45511;127513,88;6.46;10.4
45512;128660,88;6.47;10.4
45513;130614,59;6.31;10.4
45516;131115,9;6.40;10.4
45517;132397,97;6.35;10.4
45518;133317,66;6.32;10.4
45519;134153,42;6.23;10.4
45520;133953,25;6.30;10.4
45523;135777,98;6.22;10.4
45524;136087,41;6.17;10.4
45525;136463,65;6.15;10.4
45526;135173,39;6.23;10.4
45527;135608,47;6.22;10.4
45530;136888,71;6.16;10.4
45531;136775,91;6.16;10.4
45532;137343,96;6.14;10.4
45533;136041,35;0.62;10.4
45534;136004,01;6.20;10.4
45537;134906,07;6.26;10.4
45538;134353,48;6.29;10.4
45539;136110,73;6.19;10.4
45540;136502,49;6.17;10.4
45541;134572,45;6.27;10.4
45544;134737,21;6.26;10.4
45545;134319,58;6.26;10.4
45546;134676,75;6.25;10.4
45547;134029,43;6.28;10.4
45548;134881,95;6.24;10.4
45551;135118,22;6.20;10.4
45552;134960,19;6.21;10.4
45553;133747,69;6.25;10.4
45554;133122,67;6.27;10.65
45555;131065,44;6.36;10.65
45558;130568,37;6.33;10.65
45559;132155,76;6.25;10.65
45560;131586,45;6.37;10.65
45561;133009,78;#VALUE!;10.65
45562;132730,36;0.63;10.65
45565;131816,44;6.30;10.65
45566;132495,16;6.28;10.65
45567;133514,94;6.24;10.65
45568;131671,51;6.32;10.65
45569;131791,55;6.31;10.65
45572;132017,84;6.27;10.65
45573;131511,73;6.30;10.65
45574;129962,06;6.41;10.65
45575;130352,86;6.40;10.65
45576;129992,29;6.41;10.65
45579;131005,25;6.36;10.65
45580;131043,27;6.31;10.65
45581;131749,72;6.31;10.65
45582;130793,41;0.62;10.65
45583;130499,26;6.21;10.65
45586;130361,56;0.62;10.65
45587;129951,37;6.23;10.65
45588;129233,11;6.26;10.65
45589;130066,95;6.21;10.65
45590;129893,32;6.31;10.65
45593;131212,58;0.63;10.65
45594;130729,93;6.06;10.65
45595;130639,33;6.09;10.65
45596;129713,33;6.17;10.65
45597;128120,75;6.50;10.65
45600;130514,79;6.39;10.65
45601;130660,75;6.41;10.65
45602;130340,92;6.47;10.65
45603;129681,7;7.12;11.15
45604;127829,8;7.24;11.15
45607;127873,7;7.24;11.15
45608;127698,32;7.24;11.15
45609;127733,88;7.23;11.15
45610;127791,6;7.23;11.15
45614;127768,19;7.06;11.15
45615;128197,25;7.18;11.15
45617;126922,11;7.29;11.15
45618;129125,51;7.16;11.15
45621;129036,1;7.17;11.15
45622;129922,38;#VALUE!;11.15
45623;127668,61;7.29;11.15
45624;124610,41;0.75;11.15
45625;125667,83;7.40;11.15
45628;125235,54;7.40;11.15
45629;126139,2;0.74;11.15
45630;126087,02;7.40;11.15
45631;127857,58;7.31;11.15
45632;125945,67;7.14;11.15
45635;127210,19;7.26;11.15
45636;128228,49;7.19;11.15
45637;129593,31;0.71;11.15
45638;126042,21;7.35;12.15
45639;124612,22;7.51;12.15
45642;123560,06;7.58;12.15
45643;124698,04;7.54;12.15
45644;120771,88;0.78;12.15
45645;121187,91;7.75;12.15
45646;122102,15;7.70;12.15
45649;120766,57;7.80;12.15
45652;121077,5;7.82;12.15
45653;120269,31;7.87;12.15
45656;120283,4;7.88;12.15
45659;120125,39;7.92;12.15
45660;118532,68;8.04;12.15
45663;120021,52;7.97;12.15
45664;121162,66;7.89;12.15
45665;119624,51;8.00;12.15
45666;119780,56;8.02;12.15
45667;118856,48;8.10;12.15
45670;119006,93;8.02;12.15
45671;119298,67;0.80;12.15
45672;122650,2;7.77;12.15
45673;121234,14;7.86;12.15
45674;122350,38;7.78;12.15
45677;122855,15;7.75;12.15
45678;123338,34;7.74;12.15
45679;122971,77;7.75;12.15
45680;122483,32;7.81;12.15
45681;122446,94;7.81;12.15
45684;124861,5;7.66;12.15
45685;124055,5;7.70;12.15
45686;123432,12;7.72;12.15
45687;126912,78;7.67;13.15
45688;126134,94;7.72;13.15
45691;125970,46;7.70;13.15
45692;125147,42;7.75;13.15
45693;125534,07;7.66;13.15
45694;126224,74;7.62;13.15
45695;124619,4;7.61;13.15
45698;125571,81;7.55;13.15
45699;126521,66;7.49;13.15
45700;124380,21;#VALUE!;13.15
45701;124850,18;7.59;13.15
45702;128218,59;#VALUE!;13.15
45705;128552,13;7.25;13.15
45706;128531,71;7.25;13.15
45707;127308,8;6.67;13.15
45708;127600,58;6.54;13.15
45709;127128,06;0.66;13.15
45712;125401,38;6.59;13.15
45713;125979,5;6.53;13.15
45714;124768,71;#VALUE!;13.15
45715;124798,96;7.18;13.15
45716;122799,09;0.73;13.15
45721;123046,85;7.30;13.15
45722;123357,55;7.27;13.15
45723;125034,63;0.72;13.15
45726;124519,38;7.22;13.15
45727;123507,35;7.27;13.15
45728;123863,5;7.27;13.15
45729;125637,11;7.17;13.15
45730;128957,09;0.70;13.15
45733;130833,96;6.88;13.15
45734;131474,73;6.88;13.15
45735;132508,45;6.80;13.15
45736;131954,9;6.82;14.15
45737;132344,88;6.79;14.15
45740;131321,44;6.86;14.15
45741;132067,69;6.78;14.15
45742;132519,63;6.75;14.15
45743;133148,75;0.67;14.15
45744;131902,18;6.79;14.15
45747;130259,54;6.85;14.15
45748;131147,29;6.81;14.15
45749;131190,34;6.79;14.15
45750;131140,65;0.68;14.15
45751;127256;7.01;14.15
45754;125588,09;7.08;14.15
45755;123931,89;7.20;14.15
45756;127795,93;6.98;14.15
45757;126354,75;7.20;14.15
45758;127682,4;7.15;14.15
45761;129453,91;7.05;14.15
45762;129245,39;0.70;14.15
45763;128316,89;7.09;14.15
45764;129650,03;7.03;14.15
45769;130464,38;6.75;14.15
45770;132216,07;6.68;14.15
45771;134580,43;6.50;14.15
45772;134739,28;6.48;14.15
45775;135015,89;6.30;14.15
45776;135092,99;6.30;14.15
45777;135066,97;6.45;14.15
45779;135133,88;6.60;14.15
45782;133491,23;6.71;14.15
45783;133515,82;6.70;14.15
45784;133397,52;6.71;14.15
45785;136231,9;6.59;14.65
45786;136511,88;0.65;14.65
45789;136563,18;6.51;14.65
45790;138963,11;0.64;14.65
45791;138422,84;6.46;14.65
45792;139334,38;0.64;14.65
45793;139187,39;6.42;14.65
45796;139636,41;6.37;14.65
45797;140109,63;6.38;14.65
45798;137881,27;6.47;14.65
45799;137272,59;6.51;14.65
45800;137824,29;6.47;14.65
45803;138136,14;6.51;14.65
45804;139541,23;6.44;14.65
45805;138887,81;6.47;14.65
45806;138533,7;6.48;14.65
45807;137026,62;6.50;14.65
45810;136786,65;6.51;14.65
45811;137546,26;6.50;14.65
45812;137001,58;6.50;14.65
45813;136236,37;6.54;14.65
45814;136102,1;6.54;14.65
45817;135699,38;6.52;14.65
45818;136436,07;6.48;14.65
45819;137128,04;6.45;14.65
45820;137799,74;6.42;14.65
45821;137212,63;6.45;14.65
45824;139255,91;6.39;14.65
45825;138840,02;6.38;14.65
45826;138716,64;6.37;14.65
45828;137115,83;6.59;14.9
45831;136550,5;6.61;14.9
45832;137164,61;0.64;14.9
45833;135767,29;6.48;14.9
45834;137113,89;6.42;14.9
45835;137010,59;6.41;14.9
